id,name,age,address,email,phone,event_id
p001,Daniel Harris,31,"489 Oak Dr, San Jose, CA 95123",daniel.harris@testmail.net,+1-555-783-1606,5
p002,Charlotte Anderson,27,"112 Pine Ln, Portland, OR 97204",charlotte.anderson@webdata.org,+1-555-169-3754,5
p003,Matthew Garcia,45,"760 Maple Ave, Houston, TX 77002",matthew.garcia@mailapp.co,+1-555-524-8889,5
p004,Liam Clark,22,"205 Birch Ct, Seattle, WA 98101",liam.clark@webdata.org,+1-555-485-5466,5
p005,Harper Harris,33,"901 Cedar Rd, Miami, FL 33101",harper.harris@example.com,+1-555-448-7480,5
p006,Michael Harris,41,"145 Willow Way, Denver, CO 80202",michael.harris@testmail.net,+1-555-926-4029,5
p007,John Harris,55,"337 Elm Blvd, Chicago, IL 60601",john.harris@example.com,+1-555-902-1342,5
p008,Isabella Taylor,28,"882 Poplar St, Dallas, TX 75201",isabella.taylor@devs.tech,+1-555-981-3503,5
p009,Daniel Taylor,36,"523 Fir Ave, Philadelphia, PA 19103",daniel.taylor@example.com,+1-555-658-4096,5
p010,Emily Wilson,29,"674 Spruce Aly, Boston, MA 02108",emily.wilson@devs.tech,+1-555-557-4919,5
p011,Maria Smith,38,"199 Walnut Cir, Atlanta, GA 30303",maria.smith@testmail.net,+1-555-561-6880,5
p012,Michael Gonzales,47,"402 Redwood Rd, Phoenix, AZ 85004",michael.gonzales@devs.tech,+1-555-396-8992,5
p013,Ethan Thomas,24,"771 Sycamore Pkwy, San Diego, CA 92101",ethan.thomas@example.com,+1-555-825-2684,5
p014,Amelia Taylor,30,"218 Cypress Pl, Austin, TX 78701",amelia.taylor@webdata.org,+1-555-598-6748,5
p015,Ava Chen,25,"553 Hemlock Run, Charlotte, NC 28202",ava.chen@devs.tech,+1-555-539-2606,5
p016,Ethan Brown,40,"304 Larch St, Detroit, MI 48226",ethan.brown@mailapp.co,+1-555-329-1701,5
p017,John Clark,52,"819 Aspen Trl, Washington, DC 20004",john.clark@mailapp.co,+1-555-759-7411,5
p018,Isabella Doe,34,"430 Ponderosa Wy, Las Vegas, NV 89101",isabella.doe@devs.tech,+1-555-429-9552,5
p019,John Smith,60,"975 Sequoia Ln, San Antonio, TX 78205",john.smith@webdata.org,+1-555-985-2798,5
p020,Harper Brown,26,"180 Juniper Ct, Orlando, FL 32801",harper.brown@devs.tech,+1-555-639-9257,5
p021,Chris Doe,39,"621 Madrone Ave, Indianapolis, IN 46204",chris.doe@devs.tech,+1-555-934-3753,5
p022,James Taylor,49,"748 Yew Dr, Columbus, OH 43215",james.taylor@testmail.net,+1-555-445-2859,5
p023,Sarah Martin,30,"352 Beech Aly, Memphis, TN 38103",sarah.martin@mailapp.co,+1-555-153-5344,5
p024,John Thomas,58,"291 Quince Pkwy, Louisville, KY 40202",john.thomas@webdata.org,+1-555-876-6993,5
p025,James Wilson,35,"517 Aspen Ct, Baltimore, MD 21202",james.wilson@devs.tech,+1-555-829-6964,5
p026,Isabella Martin,23,"663 Dogwood Ln, Milwaukee, WI 53202",isabella.martin@devs.tech,+1-555-251-1070,5
p027,Olivia Jackson,44,"109 Redwood Pkwy, Nashville, TN 37203",olivia.jackson@testmail.net,+1-555-388-9048,5
p028,Ethan Brown,27,"735 Elm Ct, Sacramento, CA 95814",ethan.brown@testmail.net,+1-555-749-2805,5
p029,Matthew White,51,"388 Cypress Aly, New Orleans, LA 70130",matthew.white@example.com,+1-555-127-9030,5
p030,Alex Garcia,32,"224 Pine Dr, Kansas City, MO 64106",alex.garcia@webdata.org,+1-555-120-1271,5
p031,Michael Miller,46,"990 Oak Ln, Raleigh, NC 27601",michael.miller@mailapp.co,+1-555-505-8921,5
p032,Jessica Clark,29,"151 Birch Rd, Salt Lake City, UT 84111",jessica.clark@testmail.net,+1-555-541-0807,5
p033,Jessica Chen,24,"473 Sycamore St, Richmond, VA 23219",jessica.chen@webdata.org,+1-555-911-7606,5
p034,Sophia Taylor,37,"806 Maple Ct, Oklahoma City, OK 73102",sophia.taylor@mailapp.co,+1-555-567-0537,5
p035,Emily Thomas,42,"539 Cedar Ave, Providence, RI 02903",emily.thomas@example.com,+1-555-832-6386,5
p036,Mia Smith,21,"682 Poplar Rd, Tulsa, OK 74103",mia.smith@testmail.net,+1-555-438-0394,5
p037,Ava Miller,33,"250 Fir Blvd, Omaha, NE 68102",ava.miller@testmail.net,+1-555-857-1972,5
p038,Isabella Chen,26,"104 Spruce Pkwy, Albuquerque, NM 87102",isabella.chen@testmail.net,+1-555-704-6157,5
p039,Chris Clark,48,"777 Walnut Trl, Boise, ID 83702",chris.clark@devs.tech,+1-555-392-5376,5
p040,Maria Martin,30,"301 Redwood St, Charleston, SC 29401",maria.martin@mailapp.co,+1-555-561-9507,5
p041,Liam Martin,23,"884 Sycamore Pl, Madison, WI 53703",liam.martin@mailapp.co,+1-555-950-9417,5
p042,Alex Smith,36,"522 Cypress Dr, Bridgeport, CT 06604",alex.smith@devs.tech,+1-555-749-9524,5
p043,Harper Harris,31,"665 Hemlock Ave, Grand Rapids, MI 49503",harper.harris@mailapp.co,+1-555-799-6685,5
p044,Alex Thomas,43,"100 Larch Rd, Fort Worth, TX 76102",alex.thomas@example.com,+1-555-420-8379,5
p045,Ethan Taylor,28,"403 Aspen Way, Greensboro, NC 27401",ethan.taylor@webdata.org,+1-555-219-1561,5
p047,Emily Wilson,25,"729 Dogwood Ct, Rochester, NY 14614",emily.wilson@devs.tech,+1-555-861-1036,5
p048,Matthew Wilson,50,"194 Yew Ln, Spokane, WA 99201",matthew.wilson@devs.tech,+1-555-716-6526,5
p049,Amelia Brown,39,"333 Quince Rd, Des Moines, IA 50309",amelia.brown@testmail.net,+1-555-837-4131,5
p050,Isabella Martin,29,"550 Sycamore Ct, Springfield, MA 01103",isabella.martin@devs.tech,+1-555-306-6257,5
